City_ID,City,Country,Date,Lat,Lng,Max Temp,Humidity,Cloudiness,Wind Speed
0,Shimoda,JP,2022-08-03 20:28:07,34.6667,138.95,77.11,89,61,10.18
1,Severo-Kurilsk,RU,2022-08-03 20:23:59,50.6789,156.125,52.84,86,43,7.38
2,Jamestown,US,2022-08-03 20:23:17,42.097,-79.2353,89.94,39,1,8.99
3,Puerto Montt,CL,2022-08-03 20:27:37,-41.4698,-72.9447,45.43,100,100,9.22
4,Port Alfred,ZA,2022-08-03 20:28:07,-33.5906,26.891,62.19,80,51,1.99
5,Pokrovsk,UA,2022-08-03 20:28:08,48.282,37.1758,67.15,86,13,9.89
6,Sarkand,KZ,2022-08-03 20:28:08,45.41,79.9186,68.16,47,30,6.06
7,Sanchursk,RU,2022-08-03 20:28:08,56.9413,47.2499,65.16,80,50,2.71
8,Emporia,US,2022-08-03 20:24:58,38.4039,-96.1817,97.0,46,20,6.91
9,Kavieng,PG,2022-08-03 20:28:09,-2.5744,150.7967,81.86,80,96,17.22
10,Fortuna,US,2022-08-03 20:28:09,40.5982,-124.1573,72.93,76,35,13.8
11,Longyearbyen,SJ,2022-08-03 20:28:09,78.2186,15.6401,49.84,87,75,13.8
12,Kaitangata,NZ,2022-08-03 20:28:10,-46.2817,169.8464,42.73,84,100,4.07
13,Lebu,CL,2022-08-03 20:28:10,-37.6167,-73.65,51.73,75,64,3.98
14,Ushuaia,AR,2022-08-03 20:23:58,-54.8,-68.3,40.66,75,75,1.14
15,Rikitea,PF,2022-08-03 20:28:11,-23.1203,-134.9692,72.12,68,71,16.02
16,Mataura,NZ,2022-08-03 20:28:11,-46.1927,168.8643,44.47,87,100,4.12
17,Mocuba,MZ,2022-08-03 20:28:11,-16.8392,36.9856,62.87,96,2,2.26
18,Atuona,PF,2022-08-03 20:28:12,-9.8,-139.0333,77.27,77,16,13.82
19,Mar Del Plata,AR,2022-08-03 20:23:31,-38.0023,-57.5575,50.88,92,100,9.22
20,Albany,US,2022-08-03 20:28:12,42.6001,-73.9662,90.68,43,7,1.99
21,Ajdabiya,LY,2022-08-03 20:28:12,30.7554,20.2263,86.22,37,0,20.45
22,Komsomolskiy,UZ,2022-08-03 20:28:13,40.4272,71.7189,76.14,39,2,0.6
23,San Patricio,US,2022-08-03 20:28:13,28.017,-97.5169,100.18,37,51,20.69
24,Upernavik,GL,2022-08-03 20:28:13,72.7868,-56.1549,45.18,74,5,10.04
25,Tuatapere,NZ,2022-08-03 20:28:14,-46.1333,167.6833,45.86,81,100,7.65
26,Aklavik,CA,2022-08-03 20:28:14,68.2191,-135.0107,59.0,63,75,3.44
27,Airai,TL,2022-08-03 20:28:14,-8.9266,125.4092,54.52,74,90,2.53
28,Mbanza-Ngungu,CD,2022-08-03 20:28:15,-5.25,14.8667,73.85,54,0,4.45
29,Busselton,AU,2022-08-03 20:28:15,-33.65,115.3333,53.4,73,95,18.68
30,Lavrentiya,RU,2022-08-03 20:28:15,65.5833,-171.0,49.21,81,10,6.42
31,Bredasdorp,ZA,2022-08-03 20:28:15,-34.5322,20.0403,49.06,92,5,6.42
32,Coihaique,CL,2022-08-03 20:25:02,-45.5752,-72.0662,40.95,87,75,8.05
33,Le Vauclin,MQ,2022-08-03 20:28:16,14.5452,-60.8388,84.25,79,75,14.97
34,Liuzhou,CN,2022-08-03 20:28:16,24.3126,109.3892,79.97,83,100,1.45
35,Yar-Sale,RU,2022-08-03 20:28:17,66.8333,70.8333,59.27,64,44,8.75
36,College,US,2022-08-03 20:24:59,64.8569,-147.8028,68.2,76,40,3.44
37,Tautira,PF,2022-08-03 20:28:17,-17.7333,-149.15,76.73,81,58,24.32
38,Maceio,BR,2022-08-03 20:28:17,-9.6658,-35.7353,76.44,88,100,9.22
39,Hasaki,JP,2022-08-03 20:28:18,35.7333,140.8333,73.8,90,100,11.59
40,Kruisfontein,ZA,2022-08-03 20:28:18,-34.0033,24.7314,56.07,85,77,5.12
41,Ahipara,NZ,2022-08-03 20:28:18,-35.1667,173.1667,53.33,91,4,3.51
42,Helong,CN,2022-08-03 20:28:19,42.5397,128.9972,68.43,96,90,3.58
43,Norman Wells,CA,2022-08-03 20:28:19,65.282,-126.8329,59.04,77,75,16.11
44,Pilar,BR,2022-08-03 20:28:20,-9.5972,-35.9567,75.13,95,100,8.97
45,Qaanaaq,GL,2022-08-03 20:29:21,77.484,-69.3632,45.61,62,90,1.05
46,San Cristobal,VE,2022-08-03 20:29:21,7.7669,-72.225,78.98,84,99,4.72
47,Castro,BR,2022-08-03 20:29:21,-24.7911,-50.0119,71.78,52,5,3.56
48,Westport,US,2022-08-03 20:25:06,41.1415,-73.3579,93.09,55,0,8.05
49,New Norfolk,AU,2022-08-03 20:29:22,-42.7826,147.0587,54.91,88,100,5.7
50,Mahebourg,MU,2022-08-03 20:29:22,-20.4081,57.7,70.09,78,40,9.22
51,East London,ZA,2022-08-03 20:29:22,-33.0153,27.9116,71.04,47,97,7.99
52,Tecoanapa,MX,2022-08-03 20:29:23,16.5167,-98.75,86.31,65,7,10.04
53,Bluff,NZ,2022-08-03 20:29:23,-46.6,168.3333,44.8,73,100,18.39
54,Pisco,PE,2022-08-03 20:29:23,-13.7,-76.2167,66.25,63,0,8.05
55,Dikson,RU,2022-08-03 20:29:24,73.5069,80.5464,42.28,100,100,8.68
56,Pevek,RU,2022-08-03 20:29:24,69.7008,170.3133,35.47,99,100,8.14
57,Nam Dinh,VN,2022-08-03 20:29:24,20.4167,106.1667,82.35,81,90,4.23
58,Lesogorsk,RU,2022-08-03 20:29:25,56.0458,99.5136,47.28,88,16,3.13
59,Arraial Do Cabo,BR,2022-08-03 20:29:25,-22.9661,-42.0278,71.56,73,20,8.05
60,Bang Racham,TH,2022-08-03 20:29:25,14.892,100.3173,80.04,87,100,6.11
61,Prince Rupert,CA,2022-08-03 20:25:05,54.3161,-130.3201,57.29,86,100,5.75
62,Conde,BR,2022-08-03 20:29:25,-7.2597,-34.9075,74.66,94,75,0.0
63,Lagoa,PT,2022-08-03 20:29:26,39.05,-27.9833,75.76,86,4,9.91
64,Avarua,CK,2022-08-03 20:29:26,-21.2078,-159.775,73.45,64,100,13.8
65,Kalianget,ID,2022-08-03 20:29:26,-7.05,113.9333,79.03,80,69,10.51
66,Khatanga,RU,2022-08-03 20:29:27,71.9667,102.5,49.91,66,100,7.45
67,Kapaa,US,2022-08-03 20:29:27,22.0752,-159.319,82.38,70,40,13.8
68,Chuy,UY,2022-08-03 20:29:27,-33.6971,-53.4616,57.72,99,100,2.35
69,Port Hedland,AU,2022-08-03 20:29:28,-20.3167,118.5667,57.25,88,4,5.75
70,Waw,SS,2022-08-03 20:29:28,7.7029,27.9953,70.83,96,34,4.16
71,Beian,NO,2022-08-03 20:29:28,63.6559,9.5683,60.01,88,75,5.75
72,Dingle,PH,2022-08-03 20:29:29,10.9995,122.6711,76.77,90,100,3.83
73,Leningradskiy,RU,2022-08-03 20:29:29,69.3833,178.4167,42.91,89,100,4.18
74,Tuktoyaktuk,CA,2022-08-03 20:29:29,69.4541,-133.0374,50.0,81,40,5.75
75,Chabahar,IR,2022-08-03 20:29:29,25.2919,60.643,82.35,88,30,6.11
76,Lorengau,PG,2022-08-03 20:29:30,-2.0226,147.2712,81.01,81,85,10.6
77,Miquelon,PM,2022-08-03 20:29:30,47.0975,-56.3814,66.2,97,62,13.0
78,Puerto Ayora,EC,2022-08-03 20:29:31,-0.7393,-90.3518,78.76,79,58,8.99
79,Luwuk,ID,2022-08-03 20:29:31,-0.9516,122.7875,75.4,87,90,5.28
80,Paraiso,CR,2022-08-03 20:29:31,9.8383,-83.8656,69.15,97,100,3.71
81,Vaini,TO,2022-08-03 20:29:31,-21.2,-175.2,77.16,88,40,9.22
82,Road Town,VG,2022-08-03 20:29:32,18.4167,-64.6167,87.89,70,20,12.66
83,Vizinga,RU,2022-08-03 20:29:32,61.0749,50.1031,65.68,72,90,2.62
84,Korla,CN,2022-08-03 20:29:33,41.7597,86.1469,83.32,27,4,5.75
85,Tiksi,RU,2022-08-03 20:29:33,71.6872,128.8694,43.88,79,98,7.85
86,Kodiak,US,2022-08-03 20:29:33,57.79,-152.4072,69.31,52,0,10.36
87,Lasa,IT,2022-08-03 20:29:34,46.6166,10.7002,70.68,86,21,1.5
88,Codrington,AU,2022-08-03 20:29:34,-38.2667,141.9667,49.26,91,0,14.16
89,Tasiilaq,GL,2022-08-03 20:29:34,65.6145,-37.6368,46.56,71,71,6.15
90,Midland,US,2022-08-03 20:29:35,31.9974,-102.0779,105.06,25,0,9.22
91,Cabildo,AR,2022-08-03 20:29:35,-38.4842,-61.8954,55.27,41,0,3.09
92,Kloulklubed,PW,2022-08-03 20:30:35,7.0419,134.2556,78.08,86,100,8.99
93,Saint-Philippe,RE,2022-08-03 20:30:36,-21.3585,55.7679,65.79,83,50,7.92
94,Kahului,US,2022-08-03 20:30:36,20.8947,-156.47,84.22,54,20,18.41
95,Sorong,ID,2022-08-03 20:30:36,-0.8833,131.25,77.65,87,100,6.89
96,Ozernovskiy,RU,2022-08-03 20:30:37,51.5,156.5167,54.0,91,97,4.9
97,Tamandare,BR,2022-08-03 20:30:37,-8.7597,-35.1047,75.47,89,99,14.83
98,Cape Town,ZA,2022-08-03 20:30:37,-33.9258,18.4232,55.9,81,75,6.91
99,Provideniya,RU,2022-08-03 20:30:38,64.3833,-173.3,42.91,100,75,4.47
100,Punta Arenas,CL,2022-08-03 20:30:38,-53.15,-70.9167,41.11,87,75,10.36
101,Deputatskiy,RU,2022-08-03 20:30:38,69.3,139.9,40.57,91,100,4.47
102,Belmonte,BR,2022-08-03 20:30:39,-15.8631,-38.8828,71.01,77,0,7.7
103,Fort Nelson,CA,2022-08-03 20:30:39,58.8053,-122.7002,62.19,63,75,0.0
104,Touros,BR,2022-08-03 20:30:39,-5.1989,-35.4608,76.64,81,29,7.2
105,Boa Vista,BR,2022-08-03 20:30:40,2.8197,-60.6733,85.98,62,40,5.75
106,Egvekinot,RU,2022-08-03 20:30:40,66.3167,-179.1667,51.51,72,57,6.04
107,Whitehorse,CA,2022-08-03 20:30:19,60.7161,-135.0538,62.1,83,75,12.66
108,Mayumba,GA,2022-08-03 20:30:40,-3.432,10.6554,69.94,87,20,9.19
109,Bukachacha,RU,2022-08-03 20:30:41,52.9833,116.9167,61.25,99,100,5.06
110,Guerrero Negro,MX,2022-08-03 20:30:41,27.9769,-114.0611,79.32,60,20,19.1
111,Saskylakh,RU,2022-08-03 20:30:41,71.9167,114.0833,45.86,64,100,7.96
112,Bengkulu,ID,2022-08-03 20:30:42,-3.8004,102.2655,74.25,92,93,1.95
113,Lata,PT,2022-08-03 20:30:42,40.1629,-8.3327,62.08,96,1,2.93
114,Haines Junction,CA,2022-08-03 20:30:43,60.7522,-137.5108,58.95,82,100,1.14
115,Caravelas,BR,2022-08-03 20:30:43,-17.7125,-39.2481,70.21,76,36,6.35
116,Torbay,CA,2022-08-03 20:30:43,47.6666,-52.7314,75.38,78,75,19.57
117,Simbahan,PH,2022-08-03 20:30:44,6.3032,120.5836,83.23,71,100,4.68
118,Kamenka,RU,2022-08-03 20:30:44,51.3223,42.7678,72.25,50,100,9.86
119,Umm Lajj,SA,2022-08-03 20:30:44,25.0213,37.2685,86.83,62,63,7.05
120,Victoria,HK,2022-08-03 20:30:29,22.2855,114.1577,82.45,85,100,4.0
121,Kavaratti,IN,2022-08-03 20:30:45,10.5669,72.642,77.61,90,100,33.98
122,Sur,OM,2022-08-03 20:30:45,22.5667,59.5289,86.11,68,11,12.57
123,Pimentel,PE,2022-08-03 20:30:45,-6.8367,-79.9342,68.29,68,0,19.57
124,Barrow,US,2022-08-03 20:30:45,71.2906,-156.7887,53.31,58,100,13.04
125,Matay,EG,2022-08-03 20:30:46,28.419,30.7792,87.3,27,1,13.4
126,Ostrovnoy,RU,2022-08-03 20:30:46,68.0531,39.5131,54.5,89,45,13.24
127,Salinas,US,2022-08-03 20:30:08,36.6777,-121.6555,96.57,59,0,16.11
128,Yellowknife,CA,2022-08-03 20:26:22,62.456,-114.3525,63.12,48,75,10.0
129,Nome,US,2022-08-03 20:30:46,64.5011,-165.4064,51.87,87,100,4.61
130,Adrar,MR,2022-08-03 20:30:47,20.5022,-10.0711,99.45,23,9,10.96
131,Hay River,CA,2022-08-03 20:30:47,60.8156,-115.7999,64.38,55,75,17.27
132,Nikolskoye,RU,2022-08-03 20:30:47,59.7035,30.7861,64.29,86,42,2.98
133,Zinder,NE,2022-08-03 20:30:48,13.8072,8.9881,80.1,68,59,7.23
134,Yulara,AU,2022-08-03 20:30:48,-25.2406,130.9889,57.85,40,100,8.99
135,Flinders,AU,2022-08-03 20:30:48,-34.5833,150.8552,65.37,75,99,3.0
136,Igarka,RU,2022-08-03 20:30:49,67.4667,86.5833,47.7,74,8,8.1
137,Hermanus,ZA,2022-08-03 20:30:49,-34.4187,19.2345,52.81,84,2,11.97
138,Cserkeszolo,HU,2022-08-03 20:31:49,46.8632,20.187,77.97,49,67,4.47
139,Mount Gambier,AU,2022-08-03 20:31:50,-37.8333,140.7667,49.32,91,16,11.83
140,Severo-Yeniseyskiy,RU,2022-08-03 20:31:50,60.3725,93.0408,46.53,99,100,2.17
141,Beira,MZ,2022-08-03 20:31:50,-19.8436,34.8389,66.29,88,20,4.61
142,Biak,ID,2022-08-03 20:31:51,-0.9131,122.8766,74.62,83,90,6.64
143,Itarema,BR,2022-08-03 20:31:51,-2.9248,-39.9167,78.39,71,80,13.06
144,Falun,SE,2022-08-03 20:27:26,60.6036,15.626,66.61,95,81,11.9
145,Devrek,TR,2022-08-03 20:31:51,41.2192,31.9558,66.33,97,9,2.17
146,Bubanza,BI,2022-08-03 20:31:52,-3.1167,29.4,72.3,69,96,1.83
147,Leshukonskoye,RU,2022-08-03 20:31:52,64.8989,45.7622,58.55,82,99,4.52
148,Winnemucca,US,2022-08-03 20:31:53,40.973,-117.7357,91.45,22,0,5.75
149,Russell,US,2022-08-03 20:31:33,32.3502,-85.1999,88.75,55,20,3.44
150,Mardin,TR,2022-08-03 20:31:53,37.3131,40.7436,81.84,23,0,2.57
151,Ust-Kuyga,RU,2022-08-03 20:31:53,70.0167,135.6,44.69,81,99,3.8
152,Pierre,US,2022-08-03 20:30:35,44.3683,-100.351,94.05,39,0,12.66
153,Buraydah,SA,2022-08-03 20:30:52,26.326,43.975,93.65,27,47,6.67
154,Dong Hoi,VN,2022-08-03 20:31:54,17.4833,106.6,78.78,85,100,7.16
155,Hilo,US,2022-08-03 20:31:54,19.7297,-155.09,82.26,73,20,7.0
156,Duldurga,RU,2022-08-03 20:31:54,50.6761,113.5931,61.41,98,100,2.33
157,Katangli,RU,2022-08-03 20:31:55,51.7102,143.2326,56.05,98,100,7.63
158,La Ronge,CA,2022-08-03 20:31:55,55.1001,-105.2842,64.65,52,75,6.91
159,Samagaltay,RU,2022-08-03 20:31:55,50.6022,95.0047,53.31,81,8,8.68
160,Abu Dhabi,AE,2022-08-03 20:27:16,24.4667,54.3667,96.91,67,0,3.44
161,Alanya,TR,2022-08-03 20:31:56,36.5438,31.9998,84.33,72,81,3.56
162,Iqaluit,CA,2022-08-03 20:30:13,63.7506,-68.5145,50.7,66,40,8.01
163,Butaritari,KI,2022-08-03 20:31:51,3.0707,172.7902,81.5,77,83,15.05
164,Kushiro,JP,2022-08-03 20:31:56,42.975,144.3747,59.83,94,100,7.94
165,Massaguet,TD,2022-08-03 20:31:57,12.4755,15.4365,80.8,65,85,5.01
166,Carnarvon,AU,2022-08-03 20:31:57,-24.8667,113.6333,65.1,58,100,17.83
167,Altamira,BR,2022-08-03 20:31:57,-3.2033,-52.2064,84.27,59,100,0.25
168,Cidreira,BR,2022-08-03 20:31:58,-30.1811,-50.2056,62.78,91,97,19.35
169,Coquimbo,CL,2022-08-03 20:31:58,-29.9533,-71.3436,58.73,62,75,4.61
170,Klaksvik,FO,2022-08-03 20:31:58,62.2266,-6.589,49.12,80,69,16.26
171,Port Elizabeth,ZA,2022-08-03 20:31:44,-33.918,25.5701,61.09,63,0,4.61
172,Khani,GE,2022-08-03 20:31:59,41.9563,42.9566,65.77,95,50,1.34
173,Chirongui,YT,2022-08-03 20:31:59,-12.9319,45.1483,71.53,63,0,2.46
174,Tarko-Sale,RU,2022-08-03 20:31:59,64.9225,77.785,57.6,60,96,4.16
175,Constitucion,CL,2022-08-03 20:31:59,-35.3333,-72.4167,52.93,73,54,11.14
176,Sibu,MY,2022-08-03 20:32:00,2.3,111.8167,73.31,99,98,1.59
177,Fershampenuaz,RU,2022-08-03 20:32:00,53.5202,59.8117,56.16,81,48,7.67
178,Jaumave,MX,2022-08-03 20:32:01,23.4167,-99.3833,92.34,31,6,9.53
179,Novyy Urgal,RU,2022-08-03 20:32:01,51.0736,132.5642,62.13,97,51,1.88
180,Ponta Do Sol,PT,2022-08-03 20:32:01,32.6667,-17.1,73.71,82,2,7.67
181,Antofagasta,CL,2022-08-03 20:32:01,-23.65,-70.4,60.08,73,3,10.63
182,Anloga,GH,2022-08-03 20:32:02,5.7947,0.8973,73.89,80,85,13.29
183,Zhangjiakou,CN,2022-08-03 20:32:02,40.81,114.8794,74.61,78,100,2.44
184,Ilulissat,GL,2022-08-03 20:33:02,69.2167,-51.1,51.82,54,40,8.05
185,Danane,CI,2022-08-03 20:33:03,7.2596,-8.155,70.45,96,97,0.54
186,Hithadhoo,MV,2022-08-03 20:32:07,-0.6,73.0833,81.0,74,95,17.18
187,Bantry,IE,2022-08-03 20:33:03,51.6833,-9.45,57.78,87,15,7.99
188,Ciudad Guayana,VE,2022-08-03 20:33:03,8.3533,-62.6528,82.53,85,93,5.91
189,Beringovskiy,RU,2022-08-03 20:33:04,63.05,179.3167,52.14,78,100,7.9
190,Naushki,RU,2022-08-03 20:33:05,50.3828,106.1056,59.97,88,87,2.84
191,Clyde River,CA,2022-08-03 20:33:05,70.4692,-68.5914,39.43,100,100,11.5
192,Antalaha,MG,2022-08-03 20:33:05,-14.9003,50.2788,65.5,86,9,6.35
193,Ternate,ID,2022-08-03 20:33:06,0.8,127.4,80.01,80,73,5.1
194,Kurchum,KZ,2022-08-03 20:33:06,48.5722,83.6542,65.88,57,87,7.14
195,Birpur,IN,2022-08-03 20:33:06,26.5167,87.0167,77.34,97,100,5.28
196,Kodinsk,RU,2022-08-03 20:33:07,58.6881,99.1844,48.52,89,48,3.22
197,Alofi,NU,2022-08-03 20:32:43,-19.0595,-169.9187,76.89,78,20,12.66
198,Verkhnyaya Inta,RU,2022-08-03 20:33:07,65.9811,60.3094,66.96,50,99,11.14
199,Tabuk,PH,2022-08-03 20:33:07,17.4189,121.4443,74.34,91,100,2.39
200,Port Lincoln,AU,2022-08-03 20:33:08,-34.7333,135.8667,56.61,66,3,26.08
201,Talas,TR,2022-08-03 20:33:08,38.6908,35.5538,72.27,46,0,0.0
202,Ribeira Grande,PT,2022-08-03 20:31:49,38.5167,-28.7,79.2,83,75,11.5
203,Lompoc,US,2022-08-03 20:33:08,34.6391,-120.4579,94.69,68,0,14.97
204,Alice Springs,AU,2022-08-03 20:30:08,-23.7,133.8833,69.35,43,100,9.22
205,Jacareacanga,BR,2022-08-03 20:33:09,-6.2222,-57.7528,91.24,42,78,1.34
206,Gera,DE,2022-08-03 20:33:09,50.8803,12.0819,79.59,44,70,1.72
207,Vardo,NO,2022-08-03 20:33:10,70.3705,31.1107,51.78,100,100,9.22
208,Bozoum,CF,2022-08-03 20:33:10,6.3193,16.3799,69.19,95,99,2.93
209,Saint George,US,2022-08-03 20:30:21,37.1041,-113.5841,102.79,25,0,4.0
210,Eldorado,BR,2022-08-03 20:33:10,-23.7869,-54.2836,78.51,40,2,4.88
211,North Bend,US,2022-08-03 20:30:16,43.4065,-124.2243,75.24,83,0,12.66
212,Tazmalt,DZ,2022-08-03 20:33:11,36.3868,4.3989,78.19,45,2,5.06
213,Vostok,RU,2022-08-03 20:33:11,46.4856,135.8833,64.29,95,67,3.11
214,Chisec,GT,2022-08-03 20:33:12,15.8167,-90.2833,93.43,49,93,5.61
215,Riyadh,SA,2022-08-03 20:31:48,24.6877,46.7219,100.54,28,59,10.18
216,Vallenar,CL,2022-08-03 20:32:09,-28.5708,-70.7581,61.12,50,6,2.89
217,Marmarion,GR,2022-08-03 20:33:12,38.0484,24.3204,83.71,66,0,17.87
218,Coari,BR,2022-08-03 20:28:45,-4.085,-63.1414,78.01,87,99,3.0
219,Rongcheng,CN,2022-08-03 20:33:13,30.634,117.8517,80.35,84,0,2.84
220,Saldanha,ZA,2022-08-03 20:33:13,-33.0117,17.9442,51.85,74,76,6.02
221,Grindavik,IS,2022-08-03 20:33:13,63.8424,-22.4338,52.27,62,75,19.57
222,Elizabeth City,US,2022-08-03 20:33:14,36.2946,-76.2511,98.02,63,0,9.22
223,Abnub,EG,2022-08-03 20:33:14,27.2696,31.1511,89.82,20,0,10.8
224,Artsyz,UA,2022-08-03 20:33:14,45.9919,29.4182,70.83,60,0,9.89
225,Basco,PH,2022-08-03 20:33:14,20.4487,121.9702,82.67,79,100,14.43
226,Kita,ML,2022-08-03 20:33:15,13.0349,-9.4895,75.15,89,92,1.48
227,Thompson,CA,2022-08-03 20:33:15,55.7435,-97.8558,62.76,45,75,10.36
228,Mattru,SL,2022-08-03 20:33:15,7.6244,-11.8332,72.52,98,94,2.68
229,Senno,RU,2022-08-03 20:33:16,59.5336,33.9167,56.26,81,8,3.02
230,Nuuk,GL,2022-08-03 20:34:16,64.1835,-51.7216,48.81,87,100,1.14
231,Gandu,BR,2022-08-03 20:34:16,-13.7439,-39.4867,68.76,78,14,3.8
232,Tura,IN,2022-08-03 20:34:17,25.5198,90.2201,74.16,95,100,2.64
233,Mantua,IT,2022-08-03 20:34:17,45.1667,10.7833,83.44,66,0,1.01
234,Cherskiy,RU,2022-08-03 20:34:18,68.75,161.3,45.61,85,100,7.65
235,Suluq,LY,2022-08-03 20:34:18,31.6682,20.2521,82.36,38,0,7.9
236,Itoman,JP,2022-08-03 20:34:18,26.1247,127.6694,83.17,85,20,3.44
237,Hlotse,LS,2022-08-03 20:34:19,-28.8718,28.045,50.09,75,100,3.4
238,Okhotsk,RU,2022-08-03 20:34:19,59.3833,143.3,56.95,87,100,3.65
239,Geraldton,AU,2022-08-03 20:31:08,-28.7667,114.6,59.41,63,40,12.66
240,Guanica,PR,2022-08-03 20:34:19,17.9716,-66.908,87.98,77,12,15.82
241,Palmer,US,2022-08-03 20:34:20,42.1584,-72.3287,90.21,47,40,3.44
242,Bethel,US,2022-08-03 20:32:59,41.3712,-73.414,91.65,49,0,4.61
243,Scarborough,GB,2022-08-03 20:31:09,54.2797,-0.4044,65.77,70,46,3.0
244,Bhachau,IN,2022-08-03 20:34:20,23.2833,70.35,83.73,72,100,6.78
245,Port Blair,IN,2022-08-03 20:30:05,11.6667,92.75,78.84,89,100,8.05
246,Liaozhong,CN,2022-08-03 20:34:21,41.5061,122.7242,76.37,90,76,10.51
247,Saint-Augustin,CA,2022-08-03 20:34:21,51.226,-58.6502,71.94,53,18,7.83
248,Urucara,BR,2022-08-03 20:34:21,-2.5364,-57.76,83.1,74,100,0.87
249,Baykit,RU,2022-08-03 20:32:18,61.67,96.37,49.01,94,97,3.74
250,Half Moon Bay,US,2022-08-03 20:33:57,37.4636,-122.4286,89.91,71,40,20.71
251,Waitati,NZ,2022-08-03 20:34:22,-45.75,170.5667,47.8,75,100,5.19
252,Souillac,MU,2022-08-03 20:34:22,-20.5167,57.5167,70.18,78,40,9.22
253,Obo,CF,2022-08-03 20:34:22,5.3998,26.4869,68.41,97,100,3.83
254,Solnechnyy,RU,2022-08-03 20:33:07,50.7214,136.6319,61.68,97,92,3.89
255,Aksu,CN,2022-08-03 20:34:23,41.1231,80.2644,70.11,48,100,5.86
256,Zhezkazgan,KZ,2022-08-03 20:34:23,47.8043,67.7144,67.68,67,100,10.33
257,Algiers,DZ,2022-08-03 20:34:18,36.7525,3.042,75.02,83,0,8.05
258,Narsaq,GL,2022-08-03 20:34:24,60.9167,-46.05,53.82,75,100,3.33
259,Shakawe,BW,2022-08-03 20:34:24,-18.3667,21.85,66.43,39,2,4.94
260,Plettenberg Bay,ZA,2022-08-03 20:34:24,-34.0527,23.3716,57.81,90,82,5.26
261,Wynyard,AU,2022-08-03 20:34:24,-41.0,145.7167,51.98,89,36,8.41
262,Tete,MZ,2022-08-03 20:34:25,-16.1564,33.5867,69.89,73,40,6.91
263,Reriutaba,BR,2022-08-03 20:34:25,-4.1417,-40.5822,82.36,58,100,4.5
264,Tabou,CI,2022-08-03 20:34:25,4.423,-7.3528,75.18,80,98,10.11
265,Ponta Delgada,PT,2022-08-03 20:34:26,37.7333,-25.6667,72.32,94,75,6.91
266,Katsuura,JP,2022-08-03 20:34:26,35.1333,140.3,77.52,90,89,17.31
267,Praia Da Vitoria,PT,2022-08-03 20:34:26,38.7333,-27.0667,79.05,83,75,3.49
268,Matelandia,BR,2022-08-03 20:34:27,-25.2408,-53.9964,73.58,52,0,6.42
269,Cabo San Lucas,MX,2022-08-03 20:31:47,22.8909,-109.9124,94.6,51,0,8.05
270,Faanui,PF,2022-08-03 20:34:27,-16.4833,-151.75,78.6,75,7,21.27
271,Pidhorodne,UA,2022-08-03 20:34:27,48.5753,35.1068,65.7,94,81,5.64
272,Sao Filipe,CV,2022-08-03 20:34:28,14.8961,-24.4956,77.45,85,75,4.41
273,Georgetown,MY,2022-08-03 20:31:22,5.4112,100.3354,78.89,92,20,0.0
274,Louga,RU,2022-08-03 20:34:28,58.7372,29.8453,61.38,86,19,3.29
275,Vao,NC,2022-08-03 20:34:29,-22.6667,167.4833,72.21,81,24,15.05
276,Beloha,MG,2022-08-03 20:35:29,-25.1667,45.05,63.82,82,0,12.19
277,Aykino,RU,2022-08-03 20:35:29,62.2248,49.9922,62.96,71,29,4.36
278,Copacabana,CO,2022-08-03 20:35:30,6.3463,-75.5089,78.01,89,97,0.65
279,Formosa Do Rio Preto,BR,2022-08-03 20:35:30,-11.0483,-45.1931,81.39,29,6,5.12
280,Makakilo City,US,2022-08-03 20:35:30,21.3469,-158.0858,81.61,58,20,9.22
281,Cape Girardeau,US,2022-08-03 20:35:31,37.3834,-89.7168,92.79,63,87,4.0
282,Cayenne,GF,2022-08-03 20:35:31,4.9333,-52.3333,84.24,1,0,5.75
283,Bambous Virieux,MU,2022-08-03 20:35:32,-20.3428,57.7575,70.05,78,40,9.22
284,Nouadhibou,MR,2022-08-03 20:35:32,20.931,-17.0347,75.18,78,75,9.22
285,Samarai,PG,2022-08-03 20:34:11,-10.6167,150.6667,80.71,84,94,14.67
286,Kaihua,CN,2022-08-03 20:35:32,23.3687,104.28,65.28,93,17,1.99
287,Bandarbeyla,SO,2022-08-03 20:35:33,9.4942,50.8122,75.81,86,10,32.61
288,Itarantim,BR,2022-08-03 20:35:33,-15.6597,-40.0656,70.7,56,2,5.08
289,Kuruman,ZA,2022-08-03 20:35:33,-27.4524,23.4325,47.98,65,0,5.12
290,Hede,CN,2022-08-03 20:35:34,33.7681,120.2517,77.85,95,0,4.38
291,Tumpat,MY,2022-08-03 20:35:34,6.1978,102.171,77.02,83,20,2.3
292,Aykhal,RU,2022-08-03 20:35:34,66.0,111.5,40.1,97,100,23.94
293,Siverek,TR,2022-08-03 20:35:35,37.755,39.3167,86.81,30,0,4.21
294,Dasoguz,TM,2022-08-03 20:35:35,41.8363,59.9666,75.15,50,0,6.91
295,Gizo,SB,2022-08-03 20:35:35,-8.103,156.8419,81.55,75,55,7.56
296,Constantine,DZ,2022-08-03 20:35:36,36.365,6.6147,80.01,38,20,8.05
297,Chapais,CA,2022-08-03 20:35:36,49.7834,-74.8492,58.78,89,100,14.9
298,Bathsheba,BB,2022-08-03 20:33:24,13.2167,-59.5167,84.06,85,75,16.11
299,Atar,MR,2022-08-03 20:35:36,20.5169,-13.0499,94.96,29,10,11.03
300,Namatanai,PG,2022-08-03 20:35:37,-3.6667,152.4333,78.62,85,55,10.51
301,Te Anau,NZ,2022-08-03 20:33:36,-45.4167,167.7167,45.91,88,97,8.21
302,Ancud,CL,2022-08-03 20:35:37,-41.8697,-73.8203,45.23,73,96,10.16
303,Mon,IN,2022-08-03 20:35:38,26.75,95.1,72.0,91,100,3.53
304,Ouadda,CF,2022-08-03 20:35:38,8.0777,22.4007,68.45,98,100,2.59
305,Natal,BR,2022-08-03 20:32:35,-5.795,-35.2094,81.25,83,75,8.05
306,Goderich,CA,2022-08-03 20:31:33,43.7501,-81.7165,86.92,94,100,9.22
307,Magdalena,PH,2022-08-03 20:35:39,14.1999,121.429,80.35,93,100,2.84
308,Iwaki,JP,2022-08-03 20:35:39,37.05,140.8833,75.78,96,100,5.19
309,Sao Joao Da Barra,BR,2022-08-03 20:32:20,-21.6403,-41.0511,77.09,83,0,10.8
310,Vigrestad,NO,2022-08-03 20:35:39,58.5667,5.7,62.28,90,6,9.6
311,Alugan,PH,2022-08-03 20:35:40,12.2188,125.4808,80.24,82,100,8.95
312,Konevo,RU,2022-08-03 20:35:40,62.1215,39.3192,57.36,86,29,3.89
313,Juneau,US,2022-08-03 20:35:19,58.3019,-134.4197,58.21,97,100,0.0
314,Tugaya,PH,2022-08-03 20:35:41,7.8828,124.174,68.92,97,100,1.12
315,Ribnitz-Damgarten,DE,2022-08-03 20:35:41,54.25,12.4667,76.17,100,77,1.7
316,Sitka,US,2022-08-03 20:35:41,57.0531,-135.33,58.89,82,20,6.91
317,Port Macquarie,AU,2022-08-03 20:31:27,-31.4333,152.9167,57.25,83,67,7.56
318,Hobart,AU,2022-08-03 20:31:44,-42.8794,147.3294,55.26,86,40,13.8
319,Mehamn,NO,2022-08-03 20:36:42,71.0357,27.8492,53.55,94,0,3.44
320,Merrill,US,2022-08-03 20:36:42,45.1805,-89.6835,87.89,56,40,16.11
321,Las Palmas,ES,2022-08-03 20:36:42,28.4204,-14.0131,72.39,83,20,18.41
322,Beysehir,TR,2022-08-03 20:36:43,37.6773,31.7246,74.88,50,26,3.24
323,Gorshechnoye,RU,2022-08-03 20:36:43,51.5244,38.0365,64.11,80,80,6.73
324,Nong Han,TH,2022-08-03 20:36:43,17.3608,103.1053,79.95,94,100,4.21
325,Anito,PH,2022-08-03 20:36:44,12.4497,125.2886,77.76,91,100,5.35
326,Yumen,CN,2022-08-03 20:33:36,40.2833,97.2,75.27,36,0,10.83
327,Pringsewu,ID,2022-08-03 20:36:44,-5.3582,104.9744,73.49,97,96,4.0
328,Toppenish,US,2022-08-03 20:36:44,46.3774,-120.3087,97.36,12,0,22.91
329,Vanavara,RU,2022-08-03 20:36:45,60.34,102.2797,52.48,95,100,3.89
330,Pizarro,CO,2022-08-03 20:36:45,4.9533,-77.366,77.85,88,100,7.7
331,Quatre Cocos,MU,2022-08-03 20:31:46,-20.2078,57.7625,69.91,63,100,13.56
332,Etchoropo,MX,2022-08-03 20:36:45,26.7667,-109.6667,95.41,51,6,11.12
333,Pokosnoye,RU,2022-08-03 20:36:46,55.5258,101.0536,52.03,73,91,2.91
334,Bidar,IN,2022-08-03 20:36:46,17.9,77.55,76.41,82,100,3.56
335,Batticaloa,LK,2022-08-03 20:36:46,7.7102,81.6924,79.92,69,100,4.38
336,Kagoro,NG,2022-08-03 20:36:47,9.6,8.3833,65.48,97,32,2.64
337,Maldonado,UY,2022-08-03 20:36:47,-34.6667,-54.9167,53.22,93,100,4.25
338,Manakara,MG,2022-08-03 20:36:47,-22.1333,48.0167,67.37,79,97,4.18
339,Chernyshevskiy,RU,2022-08-03 20:36:48,63.0128,112.4714,57.51,98,100,5.35
340,Sobolevo,RU,2022-08-03 20:36:48,54.4299,31.8996,63.93,92,91,3.74
341,Kurya,RU,2022-08-03 20:36:48,51.6003,82.2888,52.9,68,1,6.73
342,Beyneu,KZ,2022-08-03 20:36:49,45.3167,55.2,84.15,27,5,6.44
343,Siguiri,GN,2022-08-03 20:36:49,11.6667,-9.5,73.53,94,58,4.12
344,Sorland,NO,2022-08-03 20:36:49,67.667,12.6934,55.26,92,99,15.79
345,Lilongwe,MW,2022-08-03 20:36:50,-13.9669,33.7873,61.83,66,46,2.1
346,Vila Velha,BR,2022-08-03 20:36:50,-20.3297,-40.2925,75.15,84,75,5.75
347,Gilgit,PK,2022-08-03 20:36:50,35.9221,74.3087,77.86,58,2,1.59
348,Cabra,ES,2022-08-03 20:36:50,37.4725,-4.4421,81.46,30,0,7.43
349,Seoul,KR,2022-08-03 20:33:35,37.5683,126.9778,78.4,95,75,2.3
350,Augusta,DE,2022-08-03 20:34:51,48.3667,10.8833,74.98,62,15,2.3
351,Troitsko-Pechorsk,RU,2022-08-03 20:36:51,62.7084,56.1964,60.06,71,100,4.97
352,Langsa,ID,2022-08-03 20:36:51,4.4683,97.9683,73.96,97,100,2.48
353,Salo,IT,2022-08-03 20:36:52,45.6086,10.531,82.49,58,0,3.85
354,Taksimo,RU,2022-08-03 20:33:12,56.3444,114.8794,59.31,83,100,3.96
355,Alyangula,AU,2022-08-03 20:36:52,-13.8483,136.4192,72.61,90,70,7.16
356,San Francisco Menendez,SV,2022-08-03 20:36:52,13.8431,-90.0158,95.07,59,91,1.61
357,Ayna,PE,2022-08-03 20:36:53,-12.65,-73.9167,70.02,64,62,4.56
358,Manbij,SY,2022-08-03 20:36:53,36.5281,37.9549,82.18,59,0,10.96
359,Del Rio,US,2022-08-03 20:36:53,29.3627,-100.8968,102.31,29,0,18.41
360,Jalpan,MX,2022-08-03 20:36:54,21.2333,-99.4833,91.98,32,5,6.22
361,Turayf,SA,2022-08-03 20:36:54,31.6725,38.6637,89.85,19,0,9.22
362,Gwadar,PK,2022-08-03 20:36:54,25.1216,62.3254,81.37,85,84,7.14
363,Rorvik,NO,2022-08-03 20:36:55,64.8621,11.2373,57.31,88,40,5.75
364,Zigong,CN,2022-08-03 20:36:54,29.3416,104.7769,77.29,94,43,4.54
365,Trincomalee,LK,2022-08-03 20:37:55,8.5711,81.2335,79.74,80,100,25.68
366,Porto Walter,BR,2022-08-03 20:37:55,-8.2686,-72.7439,85.93,56,28,1.79
367,Hofn,IS,2022-08-03 20:33:37,64.2539,-15.2082,48.29,74,68,19.89
368,Umm Kaddadah,SD,2022-08-03 20:37:56,13.6017,26.6876,83.68,45,99,7.94
369,Andenes,NO,2022-08-03 20:37:56,69.3143,16.1194,58.98,88,75,3.44
370,Broken Hill,AU,2022-08-03 20:37:56,-31.95,141.4333,58.89,92,75,20.71
371,Lashio,MM,2022-08-03 20:34:34,22.9333,97.75,67.78,99,28,0.2
372,Nanortalik,GL,2022-08-03 20:37:57,60.1432,-45.2371,51.24,87,100,19.24
373,Nemuro,JP,2022-08-03 20:37:57,43.3236,145.575,59.41,91,98,9.62
374,Santa Rosa,PH,2022-08-03 20:34:51,14.3122,121.1114,82.38,86,100,3.13
375,Yaan,NG,2022-08-03 20:37:58,7.3833,8.5667,73.33,84,84,4.27
376,Megalopoli,GR,2022-08-03 20:37:58,37.4011,22.1422,70.25,55,18,3.62
377,Newport,GB,2022-08-03 20:37:58,51.5877,-2.9984,65.68,76,28,8.95
378,Mindelo,CV,2022-08-03 20:37:58,16.8901,-24.9804,78.35,73,75,14.97
379,Abashiri,JP,2022-08-03 20:37:59,44.0213,144.2697,63.95,87,100,10.54
380,Henderson,US,2022-08-03 20:37:50,36.0397,-114.9819,105.66,22,0,4.61
381,Adigeni,GE,2022-08-03 20:37:59,41.6819,42.6987,61.56,97,34,1.77
382,Zabolotiv,UA,2022-08-03 20:37:59,48.4705,25.2857,62.08,67,3,5.08
383,Manokwari,ID,2022-08-03 20:38:00,-0.8667,134.0833,78.49,76,100,2.13
384,Preobrazheniye,RU,2022-08-03 20:38:00,42.9019,133.9064,70.88,98,100,0.94
385,Labuhan,ID,2022-08-03 20:37:32,-6.8844,112.2051,75.79,86,93,8.84
386,Rosignol,GY,2022-08-03 20:38:00,6.2833,-57.5333,78.78,91,78,6.2
387,Yeovil,GB,2022-08-03 20:38:01,50.9416,-2.6321,65.44,81,75,4.61
388,San Andres,CO,2022-08-03 20:37:19,12.5847,-81.7006,81.27,82,100,20.47
389,Margate,GB,2022-08-03 20:35:41,51.3813,1.3862,71.87,77,78,1.99
390,Moroto,UG,2022-08-03 20:38:01,2.5345,34.6666,68.02,71,72,2.26
391,Brae,GB,2022-08-03 20:38:02,60.3964,-1.353,52.11,82,38,14.0
392,San Ramon,US,2022-08-03 20:33:57,37.7799,-121.978,96.82,42,0,10.36
393,Karakol,KG,2022-08-03 20:38:02,42.4907,78.3936,58.59,50,22,4.23
394,Cherrapunji,IN,2022-08-03 20:38:02,25.3,91.7,61.77,94,100,1.81
395,Matara,LK,2022-08-03 20:38:03,5.9485,80.5353,76.33,87,100,18.7
396,Berlevag,NO,2022-08-03 20:38:03,70.8578,29.0864,60.6,93,75,0.0
397,Sena Madureira,BR,2022-08-03 20:38:04,-9.0656,-68.6569,84.6,57,100,1.92
398,Iquitos,PE,2022-08-03 20:38:04,-3.7481,-73.2472,73.44,100,75,2.3
399,Pathein,MM,2022-08-03 20:38:04,16.7833,94.7333,78.15,90,100,4.76
400,Esperance,AU,2022-08-03 20:38:05,-33.8667,121.9,54.54,70,89,30.8
401,Ahuimanu,US,2022-08-03 20:38:05,21.4447,-157.8378,82.85,66,40,12.66
402,Iguala,MX,2022-08-03 20:38:05,18.3438,-99.5372,91.65,41,11,2.24
403,Grand Gaube,MU,2022-08-03 20:38:06,-20.0064,57.6608,70.2,76,99,4.0
404,Dolores,AR,2022-08-03 20:37:27,-36.3132,-57.6792,56.32,79,20,9.75
405,Kardla,EE,2022-08-03 20:38:06,58.9978,22.7492,62.06,75,0,10.74
406,Vasudevanallur,IN,2022-08-03 20:38:06,9.2333,77.4167,74.91,94,100,9.13
407,Berwick,US,2022-08-03 20:38:07,41.0545,-76.2333,92.28,40,0,4.5
408,Richards Bay,ZA,2022-08-03 20:37:13,-28.783,32.0377,65.93,69,27,14.7
409,Lethem,GY,2022-08-03 20:39:07,3.3803,-59.7968,82.49,79,93,5.1
410,Padang,ID,2022-08-03 20:39:07,-0.9492,100.3543,76.06,91,100,5.44
411,Antequera,ES,2022-08-03 20:35:47,37.0194,-4.5612,78.46,41,0,5.66
412,San Jose,US,2022-08-03 20:34:58,37.3394,-121.895,96.91,45,20,10.36
413,Pyapon,MM,2022-08-03 20:39:08,16.2833,95.6833,79.47,87,100,11.5
414,Castelo Do Piaui,BR,2022-08-03 20:39:08,-5.3222,-41.5525,84.58,46,54,7.76
415,Thayetmyo,MM,2022-08-03 20:39:08,19.3167,95.1833,76.89,93,99,3.96
416,Saint Anthony,US,2022-08-03 20:39:09,45.0205,-93.218,87.93,42,0,14.97
417,Thyboron,DK,2022-08-03 20:39:09,56.6985,8.2124,63.18,92,1,11.34
418,Le Port,RE,2022-08-03 20:39:10,-20.9373,55.2919,67.96,84,65,5.03
419,Glenwood Springs,US,2022-08-03 20:38:19,39.5505,-107.3248,89.06,39,40,9.22
420,Sembe,CG,2022-08-03 20:39:10,1.6481,14.5806,71.87,81,89,1.19
421,Cap-Aux-Meules,CA,2022-08-03 20:39:10,47.3821,-61.8597,68.05,77,75,9.22
422,Puerto Escondido,MX,2022-08-03 20:39:11,15.85,-97.0667,86.83,62,75,4.61
423,Maibong,IN,2022-08-03 20:39:11,25.3,93.1667,73.51,99,100,2.33
424,Ratnagiri,IN,2022-08-03 20:39:11,16.9833,73.3,79.99,87,100,4.85
425,Muyezerskiy,RU,2022-08-03 20:39:12,63.9333,31.65,57.02,64,76,8.66
426,Ixtapa,MX,2022-08-03 20:39:12,20.7,-105.2,89.22,70,40,10.36
427,Robertson,US,2022-08-03 20:39:12,36.5167,-86.8667,95.76,53,20,8.05
428,Mandalgovi,MN,2022-08-03 20:37:25,45.7625,106.2708,59.0,82,0,12.24
429,Chokurdakh,RU,2022-08-03 20:39:13,70.6333,147.9167,46.35,76,100,10.25
430,Pueblo Nuevo,MX,2022-08-03 20:39:13,23.3833,-105.3833,68.74,76,48,3.96
431,Atambua,ID,2022-08-03 20:39:13,-9.1061,124.8925,68.14,84,100,5.93
432,Asau,RO,2022-08-03 20:39:14,46.4333,26.4,65.32,69,7,4.56
433,Polovinnoye,RU,2022-08-03 20:39:14,54.7914,65.9864,56.77,84,54,7.43
434,Vesoul,FR,2022-08-03 20:39:14,47.5833,5.8333,76.01,44,7,3.58
435,Kendari,ID,2022-08-03 20:39:15,-3.945,122.4989,71.62,93,85,3.09
436,Sokolo,ML,2022-08-03 20:39:15,14.7328,-6.1219,78.21,79,89,15.37
437,Pitimbu,BR,2022-08-03 20:39:15,-7.4706,-34.8086,75.79,84,60,6.89
438,Santa Cruz,BO,2022-08-03 20:35:06,-17.8,-63.1667,82.45,65,75,25.32
439,Gayeri,BF,2022-08-03 20:39:16,12.6497,0.4931,80.98,66,65,6.31
440,Novikovo,RU,2022-08-03 20:37:36,51.1537,37.8879,65.14,88,100,5.37
441,Lac Du Bonnet,CA,2022-08-03 20:38:12,50.2536,-96.0612,68.9,53,54,11.63
442,Ohrid,MK,2022-08-03 20:39:16,41.1172,20.8019,73.17,46,86,5.5
443,Miri,MY,2022-08-03 20:38:19,4.4148,114.0089,75.34,94,40,3.44
444,Batagay-Alyta,RU,2022-08-03 20:39:17,67.8006,130.4114,41.59,90,100,5.28
445,Talipparamba,IN,2022-08-03 20:39:17,12.05,75.35,76.12,94,100,4.21
446,Calbuco,CL,2022-08-03 20:39:17,-41.768,-73.1273,45.61,84,100,11.1
447,Mersing,MY,2022-08-03 20:39:18,2.4312,103.8405,75.11,94,40,3.44
448,Balad,IQ,2022-08-03 20:39:18,34.0164,44.1453,100.85,15,0,11.5
449,Kalabo,ZM,2022-08-03 20:39:18,-14.97,22.6814,64.4,36,3,4.41
450,Tapa,EE,2022-08-03 20:39:18,59.2606,25.9586,56.66,66,26,5.44
451,Porto Novo,BJ,2022-08-03 20:39:19,6.4965,2.6036,75.02,81,66,8.95
452,Meulaboh,ID,2022-08-03 20:38:46,4.1363,96.1285,73.99,91,100,3.76
453,Chegdomyn,RU,2022-08-03 20:39:19,51.1167,133.0167,62.31,97,11,1.99
454,Chimore,BO,2022-08-03 20:39:19,-16.9833,-65.1333,86.59,49,69,3.49
455,Shahr-E Babak,IR,2022-08-03 20:39:20,30.1165,55.1186,75.58,25,0,9.44
456,Grandview,US,2022-08-03 20:36:06,38.8858,-94.533,87.15,74,100,11.5
457,Luderitz,NA,2022-08-03 20:39:20,-26.6481,15.1594,54.82,91,0,12.08
458,Gat,IL,2022-08-03 20:39:20,31.61,34.7642,82.4,100,7,2.35
459,Mbaiki,CF,2022-08-03 20:40:21,3.8678,17.9892,69.22,99,79,1.59
460,Berezovyy,RU,2022-08-03 20:40:21,51.6667,135.7,59.74,98,99,1.83
461,Patos,BR,2022-08-03 20:36:24,-7.0244,-37.28,77.59,73,93,3.98
462,Miraflores,MX,2022-08-03 20:40:21,19.2167,-98.8083,78.03,50,76,2.62
463,Isangel,VU,2022-08-03 20:40:22,-19.55,169.2667,77.41,83,2,5.77
464,Williams Lake,CA,2022-08-03 20:35:45,52.1415,-122.1445,64.06,78,100,5.75
465,Lagos,NG,2022-08-03 20:36:11,6.5833,3.75,79.12,78,92,7.31
466,Port Hardy,CA,2022-08-03 20:40:23,50.6996,-127.4199,55.58,94,100,5.75
467,Morros,BR,2022-08-03 20:40:23,-9.4467,-46.3003,84.15,24,3,4.05
468,Poum,NC,2022-08-03 20:36:59,-20.2333,164.0167,74.7,85,5,9.13
469,Xining,CN,2022-08-03 20:37:40,36.6167,101.7667,63.28,95,100,1.79
470,Dholka,IN,2022-08-03 20:40:23,22.7167,72.4667,84.58,70,100,5.95
471,Karla,EE,2022-08-03 20:40:24,59.3723,24.9275,64.11,72,0,6.91
472,Ponoka,CA,2022-08-03 20:40:01,52.6768,-113.5815,73.89,66,100,3.8
473,La Orilla,MX,2022-08-03 20:40:24,17.9833,-102.2333,87.62,63,26,12.91
474,Salalah,OM,2022-08-03 20:40:25,17.0151,54.0924,78.89,94,100,4.61
475,Cukai,MY,2022-08-03 20:40:25,4.25,103.4167,75.15,94,100,8.28
476,Fayaoue,NC,2022-08-03 20:40:25,-20.65,166.5333,75.76,84,0,12.46
477,Alta Floresta,BR,2022-08-03 20:40:26,-9.8756,-56.0861,96.62,26,0,5.75
478,Mustasaari,FI,2022-08-03 20:40:26,63.1142,21.6822,66.15,82,100,12.66
479,Warman,CA,2022-08-03 20:40:26,52.3168,-106.5679,73.31,40,75,12.66
480,Mugur-Aksy,RU,2022-08-03 20:40:27,50.35,90.5,48.04,82,39,2.66
481,Wajid,SO,2022-08-03 20:40:27,3.8093,43.2471,75.63,64,100,23.78
482,Vila,PT,2022-08-03 20:40:27,42.0304,-8.1588,70.7,72,3,5.06
483,Tanout,NE,2022-08-03 20:40:27,14.9709,8.8879,86.23,51,43,6.51
484,Columbus,US,2022-08-03 20:40:28,39.9612,-82.9988,92.98,59,40,19.57
485,Talakan,RU,2022-08-03 20:40:28,50.3167,130.3667,66.18,92,37,2.17
486,Cockburn Town,TC,2022-08-03 20:40:28,21.4612,-71.1419,82.26,75,5,17.07
487,Hermiston,US,2022-08-03 20:40:29,45.8404,-119.2895,101.8,28,0,1.99
488,Kawalu,ID,2022-08-03 20:40:29,-7.3817,108.2082,72.05,98,100,1.86
489,Tommot,RU,2022-08-03 20:40:29,58.9564,126.2925,62.53,91,10,1.95
490,Golfito,CR,2022-08-03 20:40:30,8.639,-83.166,75.99,94,100,1.23
491,Soyo,AO,2022-08-03 20:40:30,-6.1349,12.3689,68.99,84,1,9.89
492,Polunochnoye,RU,2022-08-03 20:40:30,60.8697,60.4153,54.72,87,18,2.55
493,Lubango,AO,2022-08-03 20:40:31,-14.9172,13.4925,57.45,40,0,3.27
494,Itaueira,BR,2022-08-03 20:40:31,-7.6033,-43.0256,88.0,35,48,10.54
495,Ialibu,PG,2022-08-03 20:40:31,-6.2821,143.9935,54.1,96,68,2.64
496,Rancho Palos Verdes,US,2022-08-03 20:40:31,33.7445,-118.387,91.08,76,0,12.66
497,Lloret De Mar,ES,2022-08-03 20:40:32,41.6999,2.8457,85.89,79,1,3.62
498,Wonthaggi,AU,2022-08-03 20:40:32,-38.6044,145.5913,55.81,90,66,13.04
499,Itaituba,BR,2022-08-03 20:40:05,-4.2761,-55.9836,93.36,49,20,11.5
500,Sedhiou,SN,2022-08-03 20:40:32,12.7081,-15.5569,75.4,94,100,3.51
501,Gold Coast,AU,2022-08-03 20:38:44,-28.0,153.4333,59.07,88,20,5.75
502,Montepuez,MZ,2022-08-03 20:40:33,-13.1256,38.9997,66.69,73,70,7.61
503,Disna,BY,2022-08-03 20:40:33,55.568,28.1971,59.76,85,3,3.98
504,Sioux Lookout,CA,2022-08-03 20:35:51,50.1001,-91.917,68.07,64,75,13.8
505,Soubre,CI,2022-08-03 20:41:34,5.7856,-6.6083,71.87,88,85,3.76
506,Tazovskiy,RU,2022-08-03 20:40:07,67.4667,78.7,53.98,71,69,6.2
507,Saint-Joseph,RE,2022-08-03 20:41:34,-21.3667,55.6167,63.21,81,25,8.66
508,Tombouctou,ML,2022-08-03 20:41:34,20.0,-3.0,90.05,45,20,27.34
509,Ambulu,ID,2022-08-03 20:41:35,-8.345,113.6058,71.83,93,37,3.62
510,Gambissara,SN,2022-08-03 20:41:35,13.2382,-14.3108,76.98,88,100,4.59
511,Oroville,US,2022-08-03 20:41:35,39.5138,-121.5564,103.77,33,0,5.75
512,Zhigansk,RU,2022-08-03 20:41:36,66.7697,123.3711,43.93,71,100,20.76
513,Kichera,RU,2022-08-03 20:41:36,55.9375,110.0997,55.49,83,1,5.97
514,Dunedin,NZ,2022-08-03 20:41:36,-45.8742,170.5036,47.8,75,100,4.0
515,Hambantota,LK,2022-08-03 20:41:37,6.1241,81.1185,78.66,79,100,27.36
516,Amapa,BR,2022-08-03 20:38:32,1.0,-52.0,79.32,79,67,3.49
517,Tilichiki,RU,2022-08-03 20:41:37,60.4667,166.1,57.0,71,30,7.96
518,Arlit,NE,2022-08-03 20:41:37,18.7369,7.3853,96.44,26,4,14.85
519,El Alto,PE,2022-08-03 20:41:38,-4.2714,-81.2147,74.86,70,38,12.37
520,Tshikapa,CD,2022-08-03 20:41:38,-6.4167,20.8,81.52,41,51,2.01
521,Gilbues,BR,2022-08-03 20:41:38,-9.8317,-45.3439,83.53,27,3,5.59
522,Bulawayo,ZW,2022-08-03 20:41:39,-20.15,28.5833,57.27,52,1,7.7
523,Guilin,CN,2022-08-03 20:41:39,25.2819,110.2864,78.91,91,98,0.4
524,Naze,JP,2022-08-03 20:41:39,28.3667,129.4833,77.92,87,71,4.32
525,Buin,CL,2022-08-03 20:41:40,-33.7333,-70.75,56.43,68,40,5.1
526,Bogorodskoye,RU,2022-08-03 20:41:40,56.55,37.8833,68.63,64,100,3.36
527,Shimanovsk,RU,2022-08-03 20:41:41,52.0,127.7,66.4,84,99,5.88
528,Manado,ID,2022-08-03 20:41:41,1.487,124.8455,74.17,94,20,2.3
529,Ilam,NP,2022-08-03 20:41:41,26.9167,87.9167,68.94,95,100,2.84
530,Bonavista,CA,2022-08-03 20:41:41,48.6499,-53.1147,67.37,90,91,9.64
531,Yasnyy,RU,2022-08-03 20:41:42,51.0333,59.8742,63.75,62,67,14.34
532,Roebourne,AU,2022-08-03 20:41:42,-20.7833,117.1333,63.46,67,4,9.93
533,Kibaya,TZ,2022-08-03 20:41:42,-5.3,36.5667,57.34,75,63,6.55
534,Nevelsk,RU,2022-08-03 20:41:43,46.6733,141.8633,61.05,96,97,7.23
535,Songjianghe,CN,2022-08-03 20:41:43,42.1859,127.479,64.17,99,27,3.85
536,Kupang,ID,2022-08-03 20:41:43,-10.1667,123.5833,71.69,83,100,8.1
537,Vysokaya Gora,RU,2022-08-03 20:41:44,55.9128,49.3017,71.6,70,98,3.6
538,Tocantins,BR,2022-08-03 20:41:44,-10.5,-48.0,89.89,26,1,3.4
539,Paralimni,CY,2022-08-03 20:41:44,35.0375,33.9833,81.14,93,0,4.0
540,Mabaruma,GY,2022-08-03 20:41:45,8.2,-59.7833,80.94,84,29,4.94
541,Manzhouli,CN,2022-08-03 20:41:45,49.6,117.4333,66.13,80,74,7.05
542,Suksun,RU,2022-08-03 20:41:45,57.1431,57.3949,57.96,82,46,4.38
543,Husavik,IS,2022-08-03 20:41:46,66.0449,-17.3389,44.62,96,100,14.27
544,Hun,LY,2022-08-03 20:41:46,29.1268,15.9477,86.54,32,0,11.41
545,Marawi,PH,2022-08-03 20:37:41,7.9986,124.2928,69.48,95,100,1.54
546,Gay,RU,2022-08-03 20:41:46,51.4666,58.4552,59.52,64,100,10.76
547,Kon Tum,VN,2022-08-03 20:41:47,14.35,108.0,69.06,98,95,0.63
548,Sheregesh,RU,2022-08-03 20:42:47,52.9209,87.9869,45.57,93,44,0.31
549,Gamba,GA,2022-08-03 20:42:48,-2.65,10.0,69.66,90,3,7.81
550,New Haven,US,2022-08-03 20:42:48,41.4001,-72.9329,92.16,51,20,8.05
551,Naron,ES,2022-08-03 20:42:49,43.5167,-8.1528,68.59,93,14,8.97
552,Normandin,CA,2022-08-03 20:42:49,48.8333,-72.5321,71.91,49,99,10.36
553,Makaleng,BW,2022-08-03 20:42:49,-20.9,27.2833,59.74,53,2,7.72
554,Hami,CN,2022-08-03 20:42:50,42.8,93.45,83.3,20,0,7.07
555,Waingapu,ID,2022-08-03 20:42:50,-9.6567,120.2641,71.31,86,50,5.82
556,La Paz,BO,2022-08-03 20:42:46,-16.5,-68.15,66.18,13,20,9.22
557,Yertarskiy,RU,2022-08-03 20:42:51,56.7902,64.2995,55.54,87,4,2.48
558,Belyy Yar,RU,2022-08-03 20:42:51,53.6039,91.3903,58.89,76,0,4.47
559,Talnakh,RU,2022-08-03 20:42:52,69.4865,88.3972,49.21,62,12,5.66
560,Tayoltita,MX,2022-08-03 20:42:52,24.0833,-105.9333,84.27,57,29,5.86
561,Honningsvag,NO,2022-08-03 20:42:52,70.9821,25.9704,49.75,100,20,1.14
562,Khasan,RU,2022-08-03 20:42:53,42.4308,130.6434,71.73,98,100,2.51
563,Kysyl-Syr,RU,2022-08-03 20:42:53,63.8986,122.7617,51.3,66,71,8.7
564,Tocopilla,CL,2022-08-03 20:41:54,-22.092,-70.1979,63.9,65,16,13.53
565,Fuyang,CN,2022-08-03 20:42:53,32.9,115.8167,81.86,75,6,3.83
566,Miramar,US,2022-08-03 20:42:54,25.9873,-80.2323,93.02,57,0,12.66
567,Vanimo,PG,2022-08-03 20:42:54,-2.6741,141.3028,76.66,92,100,5.19
568,Tsaratanana,MG,2022-08-03 20:42:54,-16.7833,47.65,64.6,73,0,10.04
569,Mackay,AU,2022-08-03 20:42:55,-21.15,149.2,62.69,91,39,4.74
570,San Isidro,PE,2022-08-03 20:42:55,-12.1167,-77.05,62.19,72,40,10.36
571,Orange Cove,US,2022-08-03 20:42:55,36.6244,-119.3137,103.62,34,0,6.91
572,Ibiruba,BR,2022-08-03 20:42:56,-28.6275,-53.0897,68.54,83,39,7.16
573,Ballina,AU,2022-08-03 20:40:40,-28.8667,153.5667,55.02,99,32,9.01
574,Anzio,IT,2022-08-03 20:42:56,41.4853,12.6179,83.98,75,1,9.24
575,Nizhnevartovsk,RU,2022-08-03 20:38:09,60.9344,76.5531,51.82,100,0,2.24
